<?xml version="1.0" encoding="UTF-8"?>
<project-private xmlns="http://www.netbeans.org/ns/project-private/1">
    <editor-bookmarks xmlns="http://www.netbeans.org/ns/editor-bookmarks/2" lastBookmarkId="0"/>
    <open-files xmlns="http://www.netbeans.org/ns/projectui-open-files/2">
        <group>
            <file>file:/C:/Users/DEV/Documents/NetBeansProjects/JavaApplication2/src/javaapplication2/domainreg.java</file>
            <file>file:/C:/Users/DEV/Documents/NetBeansProjects/JavaApplication2/src/javaapplication2/cuser.java</file>
            <file>file:/C:/Users/DEV/Documents/NetBeansProjects/JavaApplication2/src/javaapplication2/Register.java</file>
            <file>file:/C:/Users/DEV/Documents/NetBeansProjects/JavaApplication2/src/javaapplication2/login.java</file>
            <file>file:/C:/Users/DEV/Documents/NetBeansProjects/JavaApplication2/src/javaapplication2/sitecreation.java</file>
            <file>file:/C:/Users/DEV/Documents/NetBeansProjects/JavaApplication2/src/javaapplication2/connection.java</file>
        </group>
    </open-files>
</project-private>
